role,p_long,p_mid,p_short,p_very_short,delta,trend,trend_mid,accel,level,abs_trend,volatility,support_log,mass,soft_mass,mean_assignment_entropy,suggested_name
0,0.8548941318820236,0.8421791376424335,0.8718456481565287,0.8368750563660469,0.016951516274505123,0.016951516274505123,-0.012714994239590119,-0.034970591796692506,0.8633698900382434,0.016956329353968156,0.03961303116275089,3.2046054557094306,0.26703866271314053,0.2597244381904602,0.19563943147659302,stable-head
1,0.6347520652119969,0.692414757848421,0.40470229224623805,0.3923729685405659,-0.23004977294890017,-0.23004977294890017,0.057662692635686234,-0.012329323697886665,0.5197271787786021,0.23004977294890017,0.15227976343283622,2.7645380974477733,0.13767081862866573,0.15155309438705444,0.09082973003387451,declining-like
2,0.4136184085507252,0.39311873765439287,0.5029593911233637,0.5078737301733559,0.08934098257297883,0.08934098257297883,-0.020499670896915366,0.0049143390548784865,0.4582888998111477,0.08934110768019439,0.09398364936159792,2.5615766896156327,0.34233415650988336,0.3480988144874573,0.07786247134208679,rising-like
3,0.6844621962206394,0.6940231607762799,0.6597265679876917,0.6618675282554305,-0.02473562823313016,-0.02473562823313016,0.009560964555284239,0.002140960264425918,0.6720943821009789,0.02473580505526891,0.052745740608693296,3.000459053637708,0.2529563621483104,0.24062368273735046,0.2412220537662506,mild-declining
