{
  "model": "semantic_v0",
  "stage": "zero_shot",
  "source": "amazon_movies_and_tv",
  "target": "amazon_cds_and_vinyl",
  "seed": 2026,
  "checkpoint": "artifacts\\checkpoints\\semantic_align_item_amazon_movies_and_tv_to_amazon_cds_and_vinyl_seed2026.pt",
  "best_source_epoch": 18,
  "ranking_mode": "sampled",
  "eval_negatives": 100,
  "num_target_users": 15853,
  "num_target_items": 20082,
  "embedding_dim": 4096,
  "Recall@10": 0.399861225004731,
  "Recall@20": 0.5869551504447108,
  "NDCG@10": 0.21284005045890808,
  "NDCG@20": 0.2599605321884155,
  "MRR@10": 0.1563003957271576,
  "MRR@20": 0.1691378504037857,
  "tie_case_ratio": 0.0,
  "all_equal_ratio": 0.0,
  "avg_tie_items": 1.0,
  "num_eval_users": 15853,
  "tie_policy": "worst",
  "eval_elapsed_sec": 2.3628219999991416,
  "eval_users_per_sec": 6709.35009069907,
  "target_total_elapsed_sec": 6.520298699997511
}