{
  "model": "sequence_dynamic_prototype",
  "stage": "zero_shot",
  "source": "amazon_movies_and_tv",
  "target": "amazon_cds_and_vinyl",
  "seed": 2026,
  "semantic_checkpoint": "artifacts\\checkpoints\\semantic_final\\semantic_amazon_movies_and_tv_seed2026.pt",
  "prototype_bank": "artifacts\\prototypes\\sequence_dynamic_amazon_movies_and_tv_M128_seed2026.pt",
  "selection_summary": "results\\mainline\\amt2acv\\sequence_prototype_amazon_movies_and_tv_seed2026_summary.json",
  "candidate_dynamic_source": "artifacts\\checkpoints\\continuous_dynamic\\semantic_conditioned_prior_enhanced_amazon_movies_and_tv_seed2026.pt::enhanced",
  "ranking_mode": "sampled",
  "eval_negatives": 100,
  "num_target_users": 15853,
  "num_target_items": 20082,
  "Recall@10": 0.404024474862802,
  "Recall@20": 0.585315082318804,
  "NDCG@10": 0.2149101197719574,
  "NDCG@20": 0.260579377412796,
  "MRR@10": 0.15763483941555023,
  "MRR@20": 0.17008090019226074,
  "tie_case_ratio": 0.0,
  "all_equal_ratio": 0.0,
  "avg_tie_items": 1.0,
  "num_eval_users": 15853,
  "tie_policy": "worst",
  "beta_sem": 0.0,
  "beta_dyn": 0.02,
  "top_m": 16,
  "temperature": 0.05,
  "semantic_score_norm": "zscore",
  "prototype_score_norm": "zscore",
  "dynamic_score_norm": "zscore",
  "eval_elapsed_sec": 2.5723958015441895,
  "eval_users_per_sec": 6162.73747239191,
  "semantic_raw_mean": 4.958575248718262,
  "semantic_raw_std": 2.257227897644043,
  "semantic_raw_min": -3.592503547668457,
  "semantic_raw_max": 12.650962829589844,
  "semantic_raw_row_std_mean": 2.0357718467712402,
  "semantic_raw_row_std_min": 1.5536348819732666,
  "semantic_raw_row_std_max": 3.0165750980377197,
  "semantic_mean": 3.6146381887647294e-08,
  "semantic_std": 0.9999999403953552,
  "semantic_min": -4.233775615692139,
  "semantic_max": 3.596877098083496,
  "semantic_row_std_mean": 1.0,
  "semantic_row_std_min": 0.9999998807907104,
  "semantic_row_std_max": 1.0000001192092896,
  "prototype_semantic_mean": 7.848928618159334e-08,
  "prototype_semantic_std": 0.9999999403953552,
  "prototype_semantic_min": -3.6609513759613037,
  "prototype_semantic_max": 3.6008596420288086,
  "prototype_semantic_row_std_mean": 1.0,
  "prototype_semantic_row_std_min": 0.9999997019767761,
  "prototype_semantic_row_std_max": 1.0000001192092896,
  "prototype_dynamic_mean": 5.3113047293607e-09,
  "prototype_dynamic_std": 1.0,
  "prototype_dynamic_min": -8.341233253479004,
  "prototype_dynamic_max": 4.989581108093262,
  "prototype_dynamic_row_std_mean": 1.0,
  "prototype_dynamic_row_std_min": 0.9999998807907104,
  "prototype_dynamic_row_std_max": 1.0000001192092896,
  "prototype_confidence_mean": 0.5909758806228638,
  "prototype_confidence_std": 0.2825222909450531,
  "prototype_confidence_min": 0.11077332496643066,
  "prototype_confidence_max": 0.9302240610122681,
  "prototype_top_similarity_mean": 0.8877328634262085,
  "prototype_top_similarity_std": 0.043937407433986664,
  "prototype_top_similarity_min": 0.7591315507888794,
  "prototype_top_similarity_max": 0.9501563906669617,
  "fused_mean": 3.629391542858684e-08,
  "fused_std": 1.002878189086914,
  "fused_min": -4.252076148986816,
  "fused_max": 3.59013295173645,
  "fused_row_std_mean": 1.0028719902038574,
  "fused_row_std_min": 0.9940103888511658,
  "fused_row_std_max": 1.012500524520874,
  "protocol_target_interactions": "forward_only_no_training_no_tuning"
}