{
  "model": "semantic_v0",
  "stage": "zero_shot",
  "source": "amazon_movies_and_tv",
  "target": "amazon_cds_and_vinyl",
  "seed": 2026,
  "checkpoint": "artifacts\\checkpoints\\semantic_v0_amazon_movies_and_tv_seed2026.pt",
  "best_source_epoch": 29,
  "ranking_mode": "sampled",
  "eval_negatives": 100,
  "num_target_users": 15853,
  "num_target_items": 20082,
  "embedding_dim": 4096,
  "Recall@10": 0.4150633949410206,
  "Recall@20": 0.5982463886961459,
  "NDCG@10": 0.22347086668014526,
  "NDCG@20": 0.26964765787124634,
  "MRR@10": 0.16543073952198029,
  "MRR@20": 0.17802895605564117,
  "tie_case_ratio": 0.0,
  "all_equal_ratio": 0.0,
  "avg_tie_items": 1.0,
  "num_eval_users": 15853,
  "tie_policy": "worst",
  "eval_elapsed_sec": 2.330464900005609,
  "eval_users_per_sec": 6802.505371336786,
  "target_total_elapsed_sec": 6.163009700016119
}