{
  "feature_cols": [
    "level",
    "trend",
    "abs_trend",
    "trend_mid",
    "accel",
    "volatility",
    "support_log"
  ],
  "standardize": true,
  "mean": [
    0.6171131730079651,
    0.01768777333199978,
    0.08369474858045578,
    -0.018870897591114044,
    0.005322431679815054,
    0.09063439816236496,
    3.0215280055999756
  ],
  "std": [
    0.18751920759677887,
    0.08555322885513306,
    0.054881125688552856,
    0.06096313148736954,
    0.09771692007780075,
    0.0550515316426754,
    0.8837994933128357
  ],
  "observations_path": "artifacts\\roles\\source_role_observations.parquet",
  "num_items": 84909,
  "num_observed_items": 84728
}