{
  "model": "semantic_v0",
  "stage": "zero_shot",
  "source": "amazon_movies_and_tv",
  "target": "amazon_cds_and_vinyl",
  "seed": 2026,
  "checkpoint": "artifacts\\checkpoints\\semantic_final\\semantic_amazon_movies_and_tv_seed2026.pt",
  "best_source_epoch": 57,
  "ranking_mode": "sampled",
  "eval_negatives": 100,
  "num_target_users": 15853,
  "num_target_items": 20082,
  "embedding_dim": 4096,
  "Recall@10": 0.40585378161862107,
  "Recall@20": 0.586450514098278,
  "NDCG@10": 0.21575245261192322,
  "NDCG@20": 0.261277437210083,
  "MRR@10": 0.15816877782344818,
  "MRR@20": 0.17059272527694702,
  "tie_case_ratio": 0.0,
  "all_equal_ratio": 0.0,
  "avg_tie_items": 1.0,
  "num_eval_users": 15853,
  "tie_policy": "worst",
  "eval_elapsed_sec": 2.41117525100708,
  "eval_users_per_sec": 6574.80205695486,
  "target_total_elapsed_sec": 6.277099600003567
}